order_id,customer_id,order_date,delivery_date,order_status,payment_mode
1,55,2024-01-08,2024-01-13,Delivered,Card
2,67,2024-07-14,2024-07-20,Delivered,Card
3,118,2024-01-16,2024-01-22,Delivered,COD
4,137,2024-07-30,2024-08-02,Delivered,UPI
5,47,2024-08-11,2024-08-19,Delivered,Card
6,122,2024-02-14,2024-02-17,Delivered,UPI
7,84,2024-05-22,2024-05-23,Delivered,COD
8,144,2024-07-19,2024-07-21,Delivered,Card
9,26,2024-03-11,2024-03-12,Delivered,UPI
10,114,2024-07-13,2024-07-15,Delivered,Card
11,116,2024-06-26,2024-07-01,Delivered,COD
12,134,2024-05-09,2024-05-13,Returned,NetBanking
13,115,2024-08-24,2024-08-28,Delivered,UPI
14,81,2024-04-10,2024-04-18,Delivered,Card
15,55,2024-04-19,2024-04-21,Delivered,UPI
16,94,2024-08-17,2024-08-20,Delivered,Card
17,25,2024-04-29,2024-05-03,Delivered,COD
18,42,2024-02-11,2024-02-15,Cancelled,COD
19,51,2024-03-27,2024-04-03,Delivered,UPI
20,5,2024-07-03,2024-07-09,Delivered,COD
21,99,2024-04-22,2024-04-23,Delivered,NetBanking
22,29,2024-05-11,2024-05-13,In Transit,Card
23,22,2024-08-12,2024-08-14,Delivered,UPI
24,70,2024-08-19,2024-08-22,Cancelled,COD
25,104,2024-08-05,2024-08-10,Delivered,COD
26,23,2024-06-28,2024-07-04,Delivered,Card
27,69,2024-04-18,2024-04-20,In Transit,UPI
28,22,2024-07-24,2024-07-29,Delivered,Card
29,32,2024-01-18,2024-01-23,Delivered,NetBanking
30,69,2024-05-21,2024-05-28,Delivered,UPI
31,29,2024-05-14,2024-05-18,In Transit,NetBanking
32,52,2024-01-13,2024-01-16,In Transit,NetBanking
33,75,2024-05-15,2024-05-19,Delivered,Card
34,5,2024-03-10,2024-03-16,In Transit,UPI
35,130,2024-01-04,2024-01-05,Delivered,Card
36,63,2024-05-11,2024-05-19,In Transit,UPI
37,127,2024-06-17,2024-06-24,Delivered,COD
38,56,2024-05-09,2024-05-14,In Transit,NetBanking
39,104,2024-02-20,2024-02-23,In Transit,UPI
40,4,2024-08-02,2024-08-05,Delivered,NetBanking
41,15,2024-04-20,2024-04-23,Delivered,COD
42,63,2024-08-10,2024-08-15,Delivered,UPI
43,41,2024-04-27,2024-04-30,Delivered,UPI
44,85,2024-03-08,2024-03-14,In Transit,NetBanking
45,80,2024-03-03,2024-03-04,Delivered,Card
46,98,2024-01-01,2024-01-07,Delivered,NetBanking
47,64,2024-05-08,2024-05-12,Delivered,UPI
48,23,2024-01-24,2024-01-29,Delivered,UPI
49,77,2024-04-10,2024-04-11,Delivered,Card
50,100,2024-01-22,2024-01-25,Cancelled,COD
51,38,2024-02-08,2024-02-13,Delivered,COD
52,135,2024-07-06,2024-07-09,Cancelled,UPI
53,22,2024-07-30,2024-08-03,Delivered,Card
54,27,2024-06-12,2024-06-18,Delivered,COD
55,5,2024-05-22,2024-05-23,Delivered,Card
56,1,2024-05-05,2024-05-10,Delivered,UPI
57,135,2024-07-10,2024-07-12,Delivered,COD
58,68,2024-03-05,2024-03-07,Delivered,Card
59,127,2024-02-29,2024-03-08,Returned,UPI
60,12,2024-05-02,2024-05-07,Delivered,Card
61,85,2024-01-20,2024-01-23,Delivered,NetBanking
62,4,2024-06-08,2024-06-11,Delivered,COD
63,56,2024-03-09,2024-03-11,Delivered,NetBanking
64,119,2024-06-30,2024-07-05,Delivered,UPI
65,80,2024-08-16,2024-08-20,In Transit,COD
66,118,2024-01-05,2024-01-10,Delivered,COD
67,54,2024-03-09,2024-03-16,In Transit,Card
68,37,2024-01-20,2024-01-22,Cancelled,NetBanking
69,131,2024-04-02,2024-04-05,Delivered,UPI
70,60,2024-06-29,2024-07-05,Delivered,COD
71,41,2024-04-10,2024-04-11,Delivered,COD
72,104,2024-06-23,2024-07-01,Delivered,Card
73,97,2024-04-16,2024-04-22,Delivered,NetBanking
74,87,2024-01-01,2024-01-07,Returned,UPI
75,4,2024-08-28,2024-09-01,In Transit,NetBanking
76,17,2024-03-05,2024-03-11,Delivered,UPI
77,71,2024-04-02,2024-04-09,Returned,NetBanking
78,74,2024-01-27,2024-01-28,Delivered,Card
79,112,2024-03-04,2024-03-09,Delivered,Card
80,110,2024-07-16,2024-07-22,Returned,COD
81,21,2024-08-21,2024-08-25,Delivered,COD
82,74,2024-04-25,2024-04-28,Delivered,Card
83,107,2024-02-13,2024-02-21,Delivered,NetBanking
84,104,2024-03-06,2024-03-11,Delivered,NetBanking
85,31,2024-05-03,2024-05-10,Delivered,Card
86,129,2024-01-20,2024-01-24,In Transit,COD
87,116,2024-05-20,2024-05-24,In Transit,COD
88,141,2024-04-19,2024-04-22,Delivered,UPI
89,143,2024-02-14,2024-02-20,Delivered,Card
90,146,2024-04-04,2024-04-09,Delivered,UPI
91,99,2024-07-10,2024-07-17,Delivered,Card
92,87,2024-04-06,2024-04-11,Cancelled,COD
93,33,2024-03-12,2024-03-18,Delivered,Card
94,64,2024-01-24,2024-01-29,Delivered,COD
95,6,2024-04-20,2024-04-25,Delivered,COD
96,126,2024-06-30,2024-07-08,Delivered,COD
97,115,2024-08-26,2024-09-03,Delivered,UPI
98,39,2024-02-27,2024-03-01,Delivered,UPI
99,22,2024-07-30,2024-08-07,Delivered,UPI
100,60,2024-01-01,2024-01-04,Delivered,UPI
101,33,2024-06-14,2024-06-19,Delivered,COD
102,26,2024-06-27,2024-06-29,Delivered,Card
103,58,2024-04-09,2024-04-14,Cancelled,UPI
104,118,2024-01-03,2024-01-08,Delivered,NetBanking
105,122,2024-06-14,2024-06-18,Delivered,Card
106,79,2024-01-08,2024-01-15,Delivered,Card
107,21,2024-05-07,2024-05-14,Delivered,COD
108,59,2024-08-24,2024-08-30,Delivered,NetBanking
109,93,2024-07-02,2024-07-09,Delivered,Card
110,130,2024-01-02,2024-01-07,Delivered,COD
111,50,2024-02-21,2024-02-26,Delivered,Card
112,28,2024-03-08,2024-03-13,In Transit,COD
113,58,2024-06-05,2024-06-08,Delivered,UPI
114,101,2024-06-01,2024-06-04,Delivered,UPI
115,107,2024-06-01,2024-06-04,Delivered,UPI
116,116,2024-02-17,2024-02-24,Returned,NetBanking
117,21,2024-07-06,2024-07-08,In Transit,NetBanking
118,135,2024-02-18,2024-02-21,Cancelled,UPI
119,96,2024-03-20,2024-03-27,In Transit,COD
120,1,2024-02-13,2024-02-15,Delivered,UPI
121,32,2024-03-30,2024-04-06,Delivered,Card
122,80,2024-04-07,2024-04-13,Returned,COD
123,122,2024-01-23,2024-01-24,Delivered,COD
124,94,2024-02-19,2024-02-25,Cancelled,COD
125,64,2024-01-08,2024-01-15,Returned,COD
126,9,2024-01-11,2024-01-18,Delivered,UPI
127,17,2024-03-06,2024-03-10,Returned,NetBanking
128,86,2024-04-02,2024-04-07,In Transit,UPI
129,71,2024-03-08,2024-03-14,Delivered,UPI
130,28,2024-01-07,2024-01-11,Delivered,COD
131,65,2024-07-17,2024-07-24,In Transit,COD
132,47,2024-02-03,2024-02-11,Delivered,NetBanking
133,61,2024-07-29,2024-08-01,Delivered,NetBanking
134,21,2024-04-27,2024-05-03,Delivered,COD
135,64,2024-07-11,2024-07-14,Delivered,UPI
136,42,2024-05-03,2024-05-09,In Transit,UPI
137,22,2024-01-19,2024-01-24,Delivered,COD
138,45,2024-05-07,2024-05-15,Delivered,COD
139,138,2024-04-27,2024-05-01,Returned,UPI
140,76,2024-07-18,2024-07-23,Delivered,NetBanking
141,67,2024-04-05,2024-04-10,Delivered,Card
142,61,2024-02-17,2024-02-21,Delivered,Card
143,102,2024-03-24,2024-03-26,Delivered,Card
144,26,2024-05-09,2024-05-13,Delivered,UPI
145,122,2024-01-27,2024-01-28,Returned,Card
146,96,2024-08-03,2024-08-11,Delivered,NetBanking
147,13,2024-02-29,2024-03-02,Delivered,Card
148,96,2024-08-26,2024-08-28,Delivered,Card
149,2,2024-04-24,2024-04-29,Delivered,NetBanking
150,95,2024-02-25,2024-02-26,Delivered,UPI
151,10,2024-02-22,2024-02-27,Delivered,Card
152,84,2024-07-27,2024-07-28,Delivered,NetBanking
153,20,2024-02-17,2024-02-22,Delivered,COD
154,17,2024-05-20,2024-05-28,Delivered,COD
155,137,2024-06-18,2024-06-21,Delivered,Card
156,105,2024-04-11,2024-04-16,In Transit,NetBanking
157,80,2024-04-16,2024-04-17,Cancelled,NetBanking
158,5,2024-04-16,2024-04-23,Returned,NetBanking
159,101,2024-06-13,2024-06-17,Cancelled,Card
160,41,2024-01-02,2024-01-09,Delivered,UPI
161,118,2024-04-13,2024-04-19,Cancelled,Card
162,142,2024-01-04,2024-01-05,Delivered,COD
163,130,2024-01-23,2024-01-29,Delivered,NetBanking
164,134,2024-03-13,2024-03-16,Delivered,UPI
165,126,2024-01-28,2024-02-04,Cancelled,Card
166,12,2024-03-18,2024-03-21,In Transit,COD
167,100,2024-03-21,2024-03-22,Delivered,Card
168,104,2024-06-12,2024-06-16,Delivered,Card
169,47,2024-07-31,2024-08-08,Delivered,UPI
170,99,2024-04-12,2024-04-15,Delivered,Card
171,11,2024-03-04,2024-03-08,Returned,UPI
172,31,2024-06-19,2024-06-25,Delivered,COD
173,108,2024-05-20,2024-05-25,Delivered,Card
174,95,2024-04-18,2024-04-25,Delivered,COD
175,1,2024-02-15,2024-02-16,Delivered,COD
176,115,2024-04-29,2024-05-03,Cancelled,COD
177,122,2024-08-02,2024-08-05,Delivered,UPI
178,111,2024-02-02,2024-02-08,Delivered,COD
179,11,2024-05-09,2024-05-10,Delivered,UPI
180,131,2024-08-24,2024-08-30,Delivered,COD
181,7,2024-06-16,2024-06-19,Returned,UPI
182,126,2024-02-19,2024-02-22,Delivered,Card
183,17,2024-06-24,2024-06-28,Returned,NetBanking
184,71,2024-02-10,2024-02-16,In Transit,COD
185,129,2024-02-06,2024-02-11,In Transit,COD
186,130,2024-02-23,2024-02-28,Delivered,NetBanking
187,47,2024-01-10,2024-01-14,Delivered,NetBanking
188,97,2024-06-22,2024-06-28,Delivered,NetBanking
189,93,2024-01-30,2024-01-31,In Transit,COD
190,65,2024-05-22,2024-05-24,In Transit,COD
191,68,2024-07-07,2024-07-13,Delivered,NetBanking
192,93,2024-05-27,2024-05-30,Delivered,UPI
193,46,2024-04-23,2024-04-27,Delivered,UPI
194,80,2024-03-16,2024-03-21,Delivered,NetBanking
195,9,2024-07-06,2024-07-07,Delivered,NetBanking
196,107,2024-06-06,2024-06-13,Delivered,UPI
197,59,2024-02-03,2024-02-11,Delivered,UPI
198,1,2024-01-06,2024-01-07,Delivered,NetBanking
199,137,2024-01-28,2024-02-03,Delivered,NetBanking
200,53,2024-05-30,2024-06-02,Delivered,COD
201,4,2024-02-10,2024-02-13,In Transit,Card
202,116,2024-06-30,2024-07-03,Delivered,Card
203,103,2024-08-11,2024-08-16,Returned,UPI
204,149,2024-01-15,2024-01-21,Delivered,COD
205,1,2024-03-04,2024-03-07,Delivered,UPI
206,61,2024-04-13,2024-04-16,Delivered,UPI
207,37,2024-01-04,2024-01-08,Delivered,COD
208,131,2024-07-27,2024-07-30,Delivered,NetBanking
209,123,2024-06-09,2024-06-10,Cancelled,UPI
210,120,2024-04-06,2024-04-13,Delivered,COD
211,27,2024-02-14,2024-02-18,Delivered,UPI
212,68,2024-02-01,2024-02-07,Cancelled,NetBanking
213,134,2024-06-11,2024-06-18,In Transit,NetBanking
214,22,2024-06-13,2024-06-17,Returned,UPI
215,61,2024-02-13,2024-02-18,Returned,Card
216,50,2024-02-10,2024-02-16,Returned,NetBanking
217,98,2024-06-02,2024-06-06,In Transit,COD
218,7,2024-04-30,2024-05-01,Delivered,Card
219,55,2024-05-26,2024-05-31,Delivered,UPI
220,38,2024-05-24,2024-05-27,Delivered,UPI
221,89,2024-01-28,2024-01-31,In Transit,UPI
222,36,2024-01-08,2024-01-09,Delivered,UPI
223,12,2024-06-27,2024-06-29,Delivered,NetBanking
224,99,2024-02-21,2024-02-23,Delivered,Card
225,9,2024-02-22,2024-02-24,Delivered,UPI
226,123,2024-07-30,2024-08-04,Delivered,UPI
227,76,2024-07-21,2024-07-25,Delivered,COD
228,90,2024-03-07,2024-03-08,Delivered,NetBanking
229,83,2024-01-13,2024-01-19,Cancelled,COD
230,8,2024-08-05,2024-08-10,Cancelled,UPI
231,89,2024-04-21,2024-04-23,Delivered,UPI
232,24,2024-05-17,2024-05-21,Delivered,NetBanking
233,1,2024-02-13,2024-02-20,Delivered,NetBanking
234,2,2024-07-14,2024-07-15,Delivered,UPI
235,127,2024-05-05,2024-05-08,Delivered,NetBanking
236,73,2024-05-27,2024-05-30,Returned,Card
237,29,2024-05-07,2024-05-10,In Transit,UPI
238,84,2024-05-05,2024-05-07,Delivered,COD
239,23,2024-08-25,2024-09-01,Delivered,UPI
240,78,2024-04-05,2024-04-09,Delivered,Card
241,118,2024-04-07,2024-04-11,Delivered,UPI
242,134,2024-03-30,2024-04-05,Delivered,COD
243,44,2024-06-18,2024-06-24,Delivered,NetBanking
244,33,2024-05-28,2024-06-01,Delivered,Card
245,69,2024-05-09,2024-05-13,Delivered,Card
246,64,2024-07-04,2024-07-07,Cancelled,NetBanking
247,84,2024-02-11,2024-02-15,In Transit,NetBanking
248,43,2024-07-05,2024-07-07,In Transit,UPI
249,39,2024-02-20,2024-02-27,In Transit,NetBanking
250,112,2024-07-06,2024-07-11,Delivered,UPI
251,72,2024-06-12,2024-06-14,Delivered,COD
252,4,2024-04-28,2024-04-29,Delivered,COD
253,129,2024-06-26,2024-06-30,In Transit,NetBanking
254,37,2024-04-28,2024-04-29,Delivered,COD
255,111,2024-01-02,2024-01-06,Cancelled,COD
256,150,2024-08-04,2024-08-08,Returned,Card
257,117,2024-06-13,2024-06-15,Delivered,NetBanking
258,108,2024-06-09,2024-06-11,Delivered,COD
259,65,2024-07-01,2024-07-04,Returned,COD
260,105,2024-04-26,2024-04-27,Delivered,Card
261,3,2024-08-16,2024-08-22,Delivered,COD
262,10,2024-08-20,2024-08-22,Delivered,Card
263,133,2024-02-11,2024-02-15,Delivered,COD
264,122,2024-05-18,2024-05-22,Delivered,NetBanking
265,106,2024-05-13,2024-05-19,Cancelled,COD
266,101,2024-02-23,2024-02-26,Delivered,UPI
267,15,2024-07-05,2024-07-11,Delivered,COD
268,4,2024-04-12,2024-04-13,Delivered,COD
269,149,2024-06-09,2024-06-15,Delivered,Card
270,135,2024-03-18,2024-03-25,In Transit,COD
271,43,2024-04-28,2024-05-02,Delivered,UPI
272,121,2024-07-26,2024-07-30,Delivered,Card
273,91,2024-07-27,2024-07-30,Delivered,COD
274,141,2024-04-29,2024-05-04,Delivered,COD
275,69,2024-03-31,2024-04-04,Cancelled,NetBanking
276,124,2024-04-19,2024-04-22,Delivered,NetBanking
277,78,2024-04-01,2024-04-05,Delivered,COD
278,93,2024-04-19,2024-04-21,Delivered,NetBanking
279,15,2024-08-06,2024-08-13,Delivered,NetBanking
280,136,2024-07-19,2024-07-22,Returned,UPI
281,54,2024-06-17,2024-06-18,In Transit,NetBanking
282,149,2024-03-05,2024-03-07,Delivered,Card
283,89,2024-02-17,2024-02-25,Cancelled,Card
284,137,2024-08-19,2024-08-26,Delivered,UPI
285,51,2024-06-20,2024-06-25,Delivered,Card
286,113,2024-05-15,2024-05-17,Delivered,UPI
287,68,2024-05-22,2024-05-24,Delivered,Card
288,143,2024-05-01,2024-05-09,Delivered,COD
289,126,2024-08-19,2024-08-22,Delivered,Card
290,42,2024-05-18,2024-05-19,Returned,COD
291,76,2024-06-27,2024-07-05,Returned,NetBanking
292,20,2024-04-19,2024-04-26,Delivered,NetBanking
293,6,2024-06-11,2024-06-12,Delivered,NetBanking
294,131,2024-07-26,2024-07-28,Delivered,Card
295,107,2024-01-09,2024-01-13,Delivered,NetBanking
296,88,2024-01-25,2024-01-31,Delivered,Card
297,88,2024-03-13,2024-03-20,Delivered,UPI
298,75,2024-07-30,2024-08-04,Delivered,COD
299,129,2024-04-13,2024-04-19,In Transit,NetBanking
300,31,2024-02-22,2024-03-01,Delivered,NetBanking
301,33,2024-07-01,2024-07-06,Delivered,UPI
302,103,2024-07-19,2024-07-20,Cancelled,COD
303,103,2024-05-19,2024-05-20,Delivered,UPI
304,122,2024-01-12,2024-01-16,Delivered,UPI
305,38,2024-07-20,2024-07-27,Delivered,UPI
306,118,2024-02-24,2024-02-25,Delivered,Card
307,10,2024-01-26,2024-01-29,Delivered,UPI
308,95,2024-08-22,2024-08-23,Returned,Card
309,144,2024-07-20,2024-07-25,Cancelled,NetBanking
310,9,2024-02-17,2024-02-24,Delivered,COD
311,128,2024-05-24,2024-05-25,Delivered,UPI
312,108,2024-07-30,2024-08-01,Delivered,COD
313,4,2024-04-24,2024-04-26,Delivered,Card
314,141,2024-05-01,2024-05-08,Delivered,COD
315,4,2024-02-24,2024-02-27,Delivered,UPI
316,23,2024-06-24,2024-06-26,Delivered,UPI
317,5,2024-02-03,2024-02-11,Delivered,Card
318,13,2024-04-25,2024-04-28,Delivered,Card
319,76,2024-07-05,2024-07-07,Delivered,COD
320,14,2024-04-27,2024-05-02,Cancelled,UPI
321,21,2024-01-16,2024-01-17,Delivered,NetBanking
322,125,2024-07-05,2024-07-08,Delivered,NetBanking
323,121,2024-04-04,2024-04-12,Delivered,Card
324,93,2024-07-23,2024-07-25,In Transit,Card
325,123,2024-06-10,2024-06-17,Delivered,COD
326,75,2024-03-10,2024-03-16,Delivered,NetBanking
327,39,2024-08-10,2024-08-11,Delivered,NetBanking
328,64,2024-05-29,2024-06-05,Delivered,COD
329,116,2024-06-03,2024-06-07,Delivered,UPI
330,69,2024-03-23,2024-03-28,Delivered,UPI
331,147,2024-03-14,2024-03-17,Delivered,COD
332,139,2024-03-29,2024-03-31,Delivered,COD
333,80,2024-02-21,2024-02-25,Delivered,COD
334,66,2024-04-29,2024-05-03,Delivered,UPI
335,118,2024-07-21,2024-07-28,Delivered,NetBanking
336,60,2024-07-16,2024-07-18,Delivered,NetBanking
337,123,2024-08-14,2024-08-20,Delivered,Card
338,50,2024-02-18,2024-02-22,Delivered,NetBanking
339,104,2024-04-02,2024-04-08,Cancelled,Card
340,127,2024-03-04,2024-03-05,Delivered,UPI
341,21,2024-04-05,2024-04-13,Delivered,UPI
342,133,2024-03-29,2024-04-03,Delivered,UPI
343,145,2024-01-09,2024-01-13,Delivered,Card
344,110,2024-03-07,2024-03-12,Delivered,COD
345,66,2024-07-15,2024-07-18,Returned,NetBanking
346,97,2024-02-21,2024-02-24,Delivered,UPI
347,118,2024-01-09,2024-01-15,Delivered,UPI
348,31,2024-08-08,2024-08-15,Cancelled,UPI
349,145,2024-03-06,2024-03-12,Delivered,UPI
350,47,2024-08-23,2024-08-30,Delivered,Card
351,57,2024-04-04,2024-04-08,Delivered,NetBanking
352,16,2024-08-28,2024-09-03,In Transit,UPI
353,67,2024-08-02,2024-08-03,Cancelled,COD
354,38,2024-01-15,2024-01-17,Delivered,UPI
355,77,2024-08-28,2024-09-01,Delivered,COD
356,121,2024-07-13,2024-07-15,Delivered,NetBanking
357,96,2024-04-09,2024-04-11,Delivered,Card
358,37,2024-04-22,2024-04-26,In Transit,UPI
359,10,2024-04-29,2024-05-03,Delivered,Card
360,36,2024-01-20,2024-01-26,Cancelled,UPI
361,6,2024-08-25,2024-09-01,Delivered,COD
362,60,2024-03-27,2024-04-02,Delivered,NetBanking
363,57,2024-02-06,2024-02-12,Cancelled,Card
364,142,2024-07-01,2024-07-09,Returned,COD
365,69,2024-08-10,2024-08-13,Delivered,Card
366,70,2024-02-09,2024-02-10,Delivered,NetBanking
367,67,2024-03-26,2024-03-29,Delivered,NetBanking
368,30,2024-04-26,2024-05-04,Delivered,UPI
369,144,2024-06-10,2024-06-14,Delivered,NetBanking
370,52,2024-01-31,2024-02-05,In Transit,COD
371,61,2024-03-07,2024-03-11,Delivered,NetBanking
372,15,2024-04-16,2024-04-19,Returned,NetBanking
373,114,2024-02-06,2024-02-07,Returned,NetBanking
374,114,2024-05-10,2024-05-13,Delivered,NetBanking
375,112,2024-02-17,2024-02-23,Delivered,COD
376,147,2024-02-25,2024-03-01,Delivered,Card
377,45,2024-05-13,2024-05-17,Delivered,UPI
378,127,2024-07-31,2024-08-02,Cancelled,Card
379,50,2024-02-22,2024-02-25,Delivered,Card
380,134,2024-01-03,2024-01-05,Delivered,UPI
381,86,2024-05-12,2024-05-18,Delivered,COD
382,105,2024-01-24,2024-01-25,In Transit,COD
383,64,2024-02-04,2024-02-09,Delivered,NetBanking
384,96,2024-01-10,2024-01-13,Delivered,UPI
385,133,2024-04-01,2024-04-09,Delivered,NetBanking
386,83,2024-07-01,2024-07-05,Cancelled,COD
387,75,2024-05-27,2024-05-28,Returned,COD
388,136,2024-04-24,2024-04-25,Returned,Card
389,23,2024-01-06,2024-01-10,Delivered,Card
390,80,2024-02-12,2024-02-14,Delivered,UPI
391,50,2024-01-05,2024-01-07,Delivered,COD
392,114,2024-05-13,2024-05-17,Delivered,UPI
393,12,2024-07-02,2024-07-05,Delivered,COD
394,29,2024-05-06,2024-05-11,Delivered,COD
395,139,2024-08-14,2024-08-17,Delivered,Card
396,102,2024-02-07,2024-02-15,Delivered,UPI
397,108,2024-08-28,2024-09-04,Delivered,UPI
398,93,2024-04-11,2024-04-12,Delivered,Card
399,112,2024-08-02,2024-08-08,Returned,NetBanking
400,144,2024-07-27,2024-08-03,Delivered,Card
401,64,2024-06-23,2024-06-29,Returned,UPI
402,136,2024-04-03,2024-04-05,Delivered,NetBanking
403,130,2024-04-20,2024-04-24,Delivered,Card
404,102,2024-02-05,2024-02-12,Cancelled,COD
405,11,2024-06-11,2024-06-12,Delivered,NetBanking
406,139,2024-08-22,2024-08-27,Returned,UPI
407,65,2024-06-08,2024-06-10,Delivered,UPI
408,11,2024-04-21,2024-04-25,Delivered,NetBanking
409,31,2024-03-29,2024-04-01,Delivered,NetBanking
410,137,2024-01-22,2024-01-30,In Transit,COD
411,76,2024-02-01,2024-02-04,In Transit,NetBanking
412,23,2024-03-11,2024-03-15,Cancelled,NetBanking
413,146,2024-08-02,2024-08-10,Delivered,COD
414,118,2024-02-21,2024-02-27,Returned,NetBanking
415,121,2024-06-05,2024-06-13,Returned,UPI
416,57,2024-03-03,2024-03-09,Delivered,COD
417,4,2024-05-29,2024-06-05,In Transit,Card
418,83,2024-08-08,2024-08-12,Delivered,COD
419,56,2024-03-10,2024-03-15,Delivered,UPI
420,90,2024-02-10,2024-02-12,Delivered,UPI
421,113,2024-05-12,2024-05-19,Delivered,UPI
422,40,2024-05-13,2024-05-17,Delivered,NetBanking
423,71,2024-02-05,2024-02-09,Returned,UPI
424,69,2024-07-08,2024-07-16,Cancelled,Card
425,2,2024-04-15,2024-04-17,Delivered,UPI
426,147,2024-05-07,2024-05-14,Delivered,NetBanking
427,98,2024-08-11,2024-08-13,Returned,COD
428,75,2024-03-14,2024-03-20,Delivered,COD
429,2,2024-06-14,2024-06-20,Cancelled,COD
430,77,2024-04-07,2024-04-15,Delivered,NetBanking
431,112,2024-07-24,2024-07-27,Delivered,Card
432,83,2024-01-23,2024-01-29,In Transit,Card
433,110,2024-03-24,2024-03-28,Returned,UPI
434,66,2024-01-07,2024-01-08,Delivered,COD
435,138,2024-03-17,2024-03-22,Delivered,COD
436,100,2024-05-12,2024-05-19,Delivered,UPI
437,116,2024-06-01,2024-06-07,In Transit,UPI
438,26,2024-05-14,2024-05-18,Delivered,COD
439,49,2024-06-15,2024-06-18,In Transit,COD
440,88,2024-04-12,2024-04-20,Delivered,UPI
441,82,2024-02-13,2024-02-19,Delivered,UPI
442,132,2024-07-30,2024-08-04,Delivered,NetBanking
443,131,2024-06-25,2024-07-01,Returned,COD
444,135,2024-06-10,2024-06-13,Delivered,Card
445,106,2024-05-09,2024-05-13,Delivered,UPI
446,106,2024-03-31,2024-04-01,Delivered,UPI
447,78,2024-03-19,2024-03-20,Delivered,UPI
448,8,2024-05-30,2024-05-31,Delivered,COD
449,137,2024-07-15,2024-07-20,Delivered,Card
450,106,2024-05-27,2024-05-31,Delivered,Card
451,8,2024-02-10,2024-02-12,Delivered,Card
452,120,2024-05-13,2024-05-21,Delivered,UPI
453,149,2024-06-15,2024-06-16,Delivered,Card
454,44,2024-03-31,2024-04-05,Delivered,UPI
455,90,2024-08-07,2024-08-09,Delivered,COD
456,57,2024-01-06,2024-01-07,Returned,UPI
457,62,2024-04-22,2024-04-23,Delivered,UPI
458,81,2024-02-10,2024-02-13,Delivered,COD
459,65,2024-03-18,2024-03-25,In Transit,COD
460,100,2024-01-18,2024-01-22,Delivered,Card
461,103,2024-04-15,2024-04-20,Returned,COD
462,23,2024-01-06,2024-01-10,Delivered,NetBanking
463,2,2024-04-07,2024-04-10,In Transit,NetBanking
464,30,2024-04-11,2024-04-17,Delivered,COD
465,17,2024-03-26,2024-04-02,In Transit,COD
466,142,2024-07-30,2024-08-05,Delivered,Card
467,89,2024-04-29,2024-05-04,Delivered,UPI
468,88,2024-03-12,2024-03-13,Returned,Card
469,24,2024-06-29,2024-07-02,Delivered,Card
470,120,2024-05-22,2024-05-30,Returned,Card
471,91,2024-02-10,2024-02-16,Delivered,COD
472,77,2024-04-06,2024-04-10,In Transit,Card
473,34,2024-02-28,2024-03-07,In Transit,NetBanking
474,95,2024-06-01,2024-06-09,Delivered,COD
475,33,2024-06-04,2024-06-08,Returned,UPI
476,139,2024-06-22,2024-06-24,Returned,COD
477,80,2024-01-08,2024-01-11,Delivered,UPI
478,60,2024-06-26,2024-06-29,Delivered,UPI
479,129,2024-01-18,2024-01-24,Cancelled,Card
480,23,2024-01-17,2024-01-22,Delivered,Card
481,73,2024-07-28,2024-08-04,Delivered,COD
482,71,2024-07-17,2024-07-20,Delivered,NetBanking
483,106,2024-06-22,2024-06-28,Delivered,COD
484,91,2024-03-04,2024-03-11,In Transit,UPI
485,30,2024-02-16,2024-02-21,Delivered,Card
486,104,2024-07-01,2024-07-02,Delivered,Card
487,78,2024-04-20,2024-04-24,Delivered,UPI
488,46,2024-05-21,2024-05-26,Delivered,Card
489,134,2024-05-25,2024-06-02,Delivered,COD
490,1,2024-06-20,2024-06-26,Delivered,NetBanking
491,150,2024-08-18,2024-08-19,Delivered,UPI
492,10,2024-03-03,2024-03-05,Cancelled,Card
493,23,2024-07-17,2024-07-23,Delivered,COD
494,72,2024-07-10,2024-07-14,Delivered,NetBanking
495,88,2024-04-18,2024-04-26,Delivered,COD
496,53,2024-05-10,2024-05-11,Delivered,Card
497,12,2024-05-05,2024-05-09,In Transit,NetBanking
498,61,2024-02-14,2024-02-17,Delivered,Card
499,92,2024-01-16,2024-01-19,Delivered,UPI
500,36,2024-02-21,2024-02-26,Delivered,COD
501,61,2024-06-20,2024-06-28,Cancelled,UPI
502,35,2024-05-11,2024-05-19,In Transit,NetBanking
503,35,2024-06-27,2024-07-02,Returned,Card
504,86,2024-05-30,2024-06-03,Delivered,UPI
505,44,2024-05-20,2024-05-27,Delivered,Card
506,104,2024-06-02,2024-06-10,Returned,UPI
507,4,2024-06-25,2024-06-30,Delivered,Card
508,72,2024-01-12,2024-01-13,Delivered,UPI
509,115,2024-06-28,2024-07-03,In Transit,Card
510,120,2024-03-24,2024-04-01,Delivered,NetBanking
511,12,2024-02-13,2024-02-15,Delivered,COD
512,145,2024-01-22,2024-01-28,Delivered,COD
513,49,2024-04-21,2024-04-29,Cancelled,NetBanking
514,24,2024-01-03,2024-01-09,Delivered,NetBanking
515,21,2024-06-16,2024-06-20,Delivered,UPI
516,38,2024-01-07,2024-01-14,Delivered,Card
517,27,2024-06-12,2024-06-15,Cancelled,NetBanking
518,98,2024-07-09,2024-07-15,Delivered,NetBanking
519,95,2024-03-22,2024-03-26,Delivered,NetBanking
520,62,2024-08-02,2024-08-07,Delivered,UPI
521,13,2024-05-25,2024-06-01,In Transit,COD
522,41,2024-04-18,2024-04-26,In Transit,UPI
523,42,2024-02-06,2024-02-10,Delivered,COD
524,113,2024-01-23,2024-01-24,Delivered,Card
525,1,2024-07-04,2024-07-10,Delivered,COD
526,19,2024-02-06,2024-02-11,Delivered,COD
527,17,2024-08-15,2024-08-21,Delivered,Card
528,97,2024-08-19,2024-08-22,Delivered,COD
529,146,2024-07-24,2024-07-30,Delivered,UPI
530,133,2024-05-18,2024-05-24,Delivered,Card
531,16,2024-04-12,2024-04-14,Cancelled,NetBanking
532,145,2024-06-04,2024-06-09,Delivered,NetBanking
533,77,2024-05-03,2024-05-06,Returned,UPI
534,57,2024-08-05,2024-08-09,Delivered,COD
535,38,2024-06-25,2024-06-27,Delivered,NetBanking
536,93,2024-05-22,2024-05-29,Delivered,COD
537,30,2024-04-11,2024-04-16,Delivered,Card
538,57,2024-05-20,2024-05-22,Returned,NetBanking
539,49,2024-06-15,2024-06-17,Delivered,NetBanking
540,59,2024-06-30,2024-07-08,Delivered,Card
541,132,2024-05-18,2024-05-20,In Transit,UPI
542,19,2024-08-05,2024-08-12,Returned,Card
543,132,2024-08-09,2024-08-11,Delivered,COD
544,50,2024-05-19,2024-05-22,Delivered,UPI
545,15,2024-02-05,2024-02-11,Delivered,UPI
546,4,2024-04-05,2024-04-06,Cancelled,Card
547,31,2024-04-27,2024-05-02,Cancelled,COD
548,52,2024-08-20,2024-08-22,Delivered,NetBanking
549,88,2024-02-13,2024-02-19,Returned,UPI
550,32,2024-07-30,2024-08-04,Delivered,NetBanking
551,12,2024-07-03,2024-07-11,Returned,NetBanking
552,141,2024-01-26,2024-02-01,Delivered,UPI
553,66,2024-01-09,2024-01-13,Delivered,COD
554,30,2024-01-06,2024-01-14,Cancelled,COD
555,67,2024-01-29,2024-01-31,Delivered,NetBanking
556,37,2024-08-11,2024-08-18,Delivered,NetBanking
557,114,2024-05-17,2024-05-22,Delivered,NetBanking
558,129,2024-02-08,2024-02-16,Delivered,UPI
559,20,2024-07-23,2024-07-24,Delivered,COD
560,41,2024-08-03,2024-08-11,Delivered,COD
561,133,2024-04-10,2024-04-14,Delivered,NetBanking
562,80,2024-05-15,2024-05-19,Returned,UPI
563,93,2024-02-24,2024-02-27,Cancelled,NetBanking
564,100,2024-05-27,2024-06-04,In Transit,NetBanking
565,149,2024-01-02,2024-01-08,Delivered,Card
566,118,2024-01-06,2024-01-10,Returned,UPI
567,37,2024-06-10,2024-06-13,Delivered,NetBanking
568,92,2024-01-17,2024-01-22,Delivered,Card
569,144,2024-06-27,2024-06-28,In Transit,UPI
570,110,2024-08-11,2024-08-15,Delivered,UPI
571,61,2024-04-02,2024-04-07,Returned,Card
572,78,2024-06-23,2024-06-25,In Transit,NetBanking
573,131,2024-07-08,2024-07-14,Returned,Card
574,86,2024-03-30,2024-04-06,Delivered,NetBanking
575,124,2024-06-20,2024-06-26,Delivered,Card
576,90,2024-07-26,2024-07-30,Delivered,Card
577,104,2024-01-02,2024-01-10,Delivered,NetBanking
578,17,2024-08-25,2024-08-28,Delivered,NetBanking
579,19,2024-03-05,2024-03-11,In Transit,UPI
580,78,2024-05-29,2024-06-01,Delivered,COD
581,18,2024-04-01,2024-04-08,Returned,NetBanking
582,71,2024-08-18,2024-08-21,Returned,UPI
583,69,2024-07-13,2024-07-16,Delivered,UPI
584,103,2024-02-25,2024-02-26,Delivered,NetBanking
585,51,2024-08-09,2024-08-11,Delivered,UPI
586,21,2024-02-03,2024-02-04,Delivered,NetBanking
587,2,2024-07-03,2024-07-06,Delivered,UPI
588,8,2024-06-12,2024-06-18,Delivered,NetBanking
589,125,2024-08-10,2024-08-11,Delivered,NetBanking
590,107,2024-02-14,2024-02-15,Cancelled,UPI
591,127,2024-06-09,2024-06-15,In Transit,COD
592,4,2024-03-06,2024-03-14,Delivered,NetBanking
593,15,2024-05-24,2024-05-30,Delivered,NetBanking
594,5,2024-02-10,2024-02-12,Delivered,Card
595,92,2024-05-15,2024-05-17,Returned,COD
596,148,2024-03-29,2024-04-01,Delivered,NetBanking
597,9,2024-07-27,2024-08-04,Cancelled,NetBanking
598,144,2024-06-15,2024-06-23,Delivered,NetBanking
599,3,2024-02-03,2024-02-08,Delivered,UPI
600,39,2024-06-16,2024-06-22,In Transit,Card
